{
  "synthetic": {
    "perplexity": 1225.259765625,
    "accuracy": 0.0011160714285714285,
    "hallucination_rate": 0.0,
    "retrieval_precision": 0.0,
    "retrieval_recall": 0.0
  }
}