{
  "frontend/vite.config.ts": 1774599354.6998942,
  "frontend/src/App.tsx": 1774598961.5041327,
  "frontend/src/main.tsx": 1774599324.4604497,
  "frontend/src/mocks/browser.ts": 1774598583.6817627,
  "frontend/src/mocks/server.ts": 1774609263.2200947,
  "frontend/src/mocks/__tests__/handlers.test.ts": 1774609078.5904062,
  "frontend/src/mocks/handlers/conversations.ts": 1774598556.6191168,
  "frontend/src/mocks/handlers/training.ts": 1774598575.4804425,
  "frontend/src/mocks/handlers/trainingConfig.ts": 1774609255.4416962,
  "frontend/src/mocks/handlers/documents.ts": 1774598566.8081832,
  "frontend/src/mocks/handlers/webrtc.ts": 1774609248.1273646,
  "frontend/src/mocks/handlers/auth.ts": 1774598542.2624378,
  "frontend/src/types/api.ts": 1774598471.104463,
  "frontend/src/types/trainingConfig.ts": 1774609219.9676664,
  "frontend/src/types/webrtc.ts": 1774609211.581693,
  "frontend/src/types/store.ts": 1774598480.9948604,
  "frontend/src/types/__tests__/api.test.ts": 1774609520.3121881,
  "frontend/src/test/testSetup.ts": 1774599192.4243388,
  "frontend/src/test/setup.test.ts": 1774598206.5135407,
  "frontend/src/utils/exportConversation.ts": 1774598793.466734,
  "frontend/src/utils/formatDate.ts": 1774598799.2908711,
  "frontend/src/utils/__tests__/exportConversation.test.ts": 1774599167.523835,
  "frontend/src/components/metrics/MetricsChart.tsx": 1774598914.4742193,
  "frontend/src/components/metrics/TrainingStatusCard.tsx": 1774598923.8232086,
  "frontend/src/components/chat/ConversationList.tsx": 1774598772.6628225,
  "frontend/src/components/chat/AudioVisualizer.tsx": 1774609315.0390482,
  "frontend/src/components/chat/SourcePanel.tsx": 1774598732.3226302,
  "frontend/src/components/chat/ChatModeTabs.tsx": 1774609326.1213915,
  "frontend/src/components/chat/MessageList.tsx": 1774598751.5939276,
  "frontend/src/components/chat/MessageBubble.tsx": 1774598743.025167,
  "frontend/src/components/chat/WebRTCControls.tsx": 1774609301.2571962,
  "frontend/src/components/chat/ChatInput.tsx": 1774598762.0273168,
  "frontend/src/components/chat/__tests__/MessageBubble.test.tsx": 1774598329.8231113,
  "frontend/src/components/chat/__tests__/WebRTCControls.test.tsx": 1774609412.7838585,
  "frontend/src/components/chat/__tests__/ChatInput.test.tsx": 1774598343.2490048,
  "frontend/src/components/chat/__tests__/AudioVisualizer.test.tsx": 1774609432.5845222,
  "frontend/src/components/chat/__tests__/ChatModeTabs.test.tsx": 1774609153.6775315,
  "frontend/src/components/training/TrainingConfigForm.tsx": 1774609370.2263143,
  "frontend/src/components/training/ModelPluginSelector.tsx": 1774609471.8535337,
  "frontend/src/components/training/__tests__/TrainingConfigForm.test.tsx": 1774609181.2339804,
  "frontend/src/components/training/__tests__/ModelPluginSelector.test.tsx": 1774609169.0360734,
  "frontend/src/components/common/LoadingSpinner.tsx": 1774598672.948001,
  "frontend/src/components/common/EmptyState.tsx": 1774598691.1006641,
  "frontend/src/components/common/ErrorBoundary.tsx": 1774598681.3450313,
  "frontend/src/components/documents/SearchTestPanel.tsx": 1774598867.1217508,
  "frontend/src/components/documents/UploadPanel.tsx": 1774599306.5794756,
  "frontend/src/components/documents/DocumentList.tsx": 1774599271.7999756,
  "frontend/src/components/documents/__tests__/UploadPanel.test.tsx": 1774599215.2066736,
  "frontend/src/layouts/AuthLayout.tsx": 1774598623.1588864,
  "frontend/src/layouts/MainLayout.tsx": 1774599313.624656,
  "frontend/src/layouts/__tests__/MainLayout.test.tsx": 1774599380.6526618,
  "frontend/src/hooks/useConversation.ts": 1774598711.7181907,
  "frontend/src/hooks/useDocuments.ts": 1774598817.2812386,
  "frontend/src/hooks/useAuth.ts": 1774598608.0144882,
  "frontend/src/api/conversations.ts": 1774598509.258099,
  "frontend/src/api/training.ts": 1774598522.964073,
  "frontend/src/api/trainingConfig.ts": 1774609240.619007,
  "frontend/src/api/client.ts": 1774598492.6363544,
  "frontend/src/api/documents.ts": 1774598516.957694,
  "frontend/src/api/webrtc.ts": 1774609233.31213,
  "frontend/src/api/auth.ts": 1774598499.9989672,
  "frontend/src/api/__tests__/webrtc.test.ts": 1774609058.6424034,
  "frontend/src/api/__tests__/client.test.ts": 1774599143.6574187,
  "frontend/src/pages/MetricsPage.tsx": 1774598950.7786617,
  "frontend/src/pages/RegisterPage.tsx": 1774598643.0794477,
  "frontend/src/pages/LoginPage.tsx": 1774598633.410226,
  "frontend/src/pages/DocumentsPage.tsx": 1774598876.9006581,
  "frontend/src/pages/TrainingPage.tsx": 1774609381.5176682,
  "frontend/src/pages/ChatPage.tsx": 1774609343.665891,
  "frontend/src/store/metricsStore.ts": 1774598887.1333334,
  "frontend/src/store/trainingConfigStore.ts": 1774609288.0720415,
  "frontend/src/store/webrtcStore.ts": 1774609276.9654858,
  "frontend/src/store/documentStore.ts": 1774598810.020686,
  "frontend/src/store/authStore.ts": 1774598601.8456547,
  "frontend/src/store/conversationStore.ts": 1774598703.070869,
  "frontend/src/store/__tests__/conversationStore.test.ts": 1774598312.4917114,
  "frontend/src/store/__tests__/trainingConfigStore.test.ts": 1774609117.1808681,
  "frontend/src/store/__tests__/documentStore.test.ts": 1774598374.8417065,
  "frontend/src/store/__tests__/authStore.test.ts": 1774599158.6338272,
  "frontend/src/store/__tests__/metricsStore.test.ts": 1774598404.0893257,
  "frontend/src/store/__tests__/webrtcStore.test.ts": 1774609099.792875,
  "backend/app/__init__.py": 1774598328.5903523,
  "backend/app/main.py": 1774609344.540917,
  "backend/app/dependencies.py": 1774598800.548584,
  "backend/app/core/config.py": 1774599404.579351,
  "backend/app/core/database.py": 1774598298.852913,
  "backend/app/core/security.py": 1774598305.6760483,
  "backend/app/core/__init__.py": 1774598328.5904672,
  "backend/app/models/user.py": 1774598348.9878964,
  "backend/app/models/__init__.py": 1774598328.5907457,
  "backend/app/models/chat_session.py": 1774609416.8527768,
  "backend/app/models/document.py": 1774598453.4496298,
  "backend/app/models/train_job.py": 1774598602.173279,
  "backend/app/schemas/auth.py": 1774598356.2236383,
  "backend/app/schemas/__init__.py": 1774598328.5909798,
  "backend/app/schemas/model.py": 1774598527.7618017,
  "backend/app/schemas/chat.py": 1774609423.4377801,
  "backend/app/schemas/train.py": 1774598608.5279517,
  "backend/app/schemas/knowledge.py": 1774598459.4054775,
  "backend/app/model/branches.py": 1774599326.283418,
  "backend/app/model/pluggable_llm.py": 1774609183.2458546,
  "backend/app/model/lora_adapter.py": 1774609174.9574974,
  "backend/app/model/tri_transformer.py": 1774599344.9407926,
  "backend/app/model/__init__.py": 1774599352.4861238,
  "backend/app/model/trainer.py": 1774599392.1053462,
  "backend/app/api/__init__.py": 1774598328.5905797,
  "backend/app/api/v1/auth.py": 1774598372.1159875,
  "backend/app/api/v1/__init__.py": 1774598328.5906634,
  "backend/app/api/v1/stream.py": 1774609328.6490493,
  "backend/app/api/v1/model.py": 1774598523.2592585,
  "backend/app/api/v1/chat.py": 1774609457.6448107,
  "backend/app/api/v1/train.py": 1774599434.1853106,
  "backend/app/api/v1/knowledge.py": 1774598975.189156,
  "backend/app/services/__init__.py": 1774598328.5911038,
  "backend/app/services/chat/chat_service.py": 1774609444.2066114,
  "backend/app/services/chat/__init__.py": 1774598328.5913155,
  "backend/app/services/rag/reranker.py": 1774598433.4720876,
  "backend/app/services/rag/vector_store.py": 1774598413.7178679,
  "backend/app/services/rag/document_processor.py": 1774598392.0342245,
  "backend/app/services/rag/retriever.py": 1774598423.2539518,
  "backend/app/services/rag/__init__.py": 1774598328.5912004,
  "backend/app/services/rag/embedder.py": 1774598401.2852297,
  "backend/app/services/model/stream_engine.py": 1774609311.8036397,
  "backend/app/services/model/mock_inference.py": 1774598513.0205185,
  "backend/app/services/model/inference_service.py": 1774598501.178988,